{
    "loss": 4.620680809020996,
    "accuracy": 0.7284609079360962
}