{
    "loss": 17.654190063476562,
    "accuracy": 0.45539405941963196
}